INSERT INTO posts (name) VALUES
('Администратор'), ('Пользователь'), ('Сотрудник');

INSERT INTO users (login, password, post_id) VALUES
('admin', 'admin', 1), ('user', 'user', 2), ('employee', 'employee', 3);

INSERT INTO suppliers (supplier_id, company_name, contact_person, address, phone_number, email) VALUES
(1, 'Запчасти Авто ООО', 'Иван Иванов', 'ул. Примерная, 1, Город, Страна', '1234567890', 'ivan@example.com'),
(2, 'Автозапчасти России', 'Мария Смирнова', 'пр. Центральный, 2, Город, Страна', '0987654321', 'maria@example.com'),
(3, 'Автопартнёр', 'Алексей Кузнецов', 'пр-т Солнечный, 3, Город, Страна', '1112223333', 'alex@example.com'),
(4, 'Ремонтник', 'Елена Попова', 'ул. Московская, 4, Город, Страна', '5556667777', 'elena@example.com'),
(5, 'Запчастьцентр', 'Дмитрий Иванов', 'пр-т Ленина, 5, Город, Страна', '9998887777', 'dmitry@example.com'),
(6, 'Автомеханик', 'Анна Соколова', 'ул. Зеленая, 6, Город, Страна', '4445556666', 'anna@example.com'),
(7, 'Запчасти для всех', 'Артем Васильев', 'пер. Луговой, 7, Город, Страна', '7778889999', 'artem@example.com'),
(8, 'Автоэксперт', 'Ольга Новикова', 'ул. Цветочная, 8, Город, Страна', '6665554444', 'olga@example.com'),
(9, 'Автоспец', 'Владимир Петров', 'пр-т Гагарина, 9, Город, Страна', '2223334444', 'vladimir@example.com'),
(10, 'Автозапчасти Онлайн', 'Екатерина Семенова', 'ул. Парковая, 10, Город, Страна', '3334445555', 'ekaterina@example.com');

INSERT INTO parts (part_id, part_name, manufacturer, car_model, price, quantity_in_stock) VALUES
(1, 'Тормозные колодки', 'ACME', 'Toyota Camry', 50, 100),
(2, 'Масляный фильтр', 'Bosch', 'Honda Civic', 10, 200),
(3, 'Воздушный фильтр', 'Fram', 'Ford F-150', 15, 150),
(4, 'Свечи зажигания', 'NGK', 'Chevrolet Silverado', 5, 300),
(5, 'Фары', 'Philips', 'Volkswagen Golf', 80, 50),
(6, 'Дворники', 'Rain-X', 'Subaru Outback', 20, 100),
(7, 'Аккумулятор', 'Exide', 'Jeep Wrangler', 100, 75),
(8, 'Генератор', 'Denso', 'BMW 3 Series', 150, 40),
(9, 'Стартер', 'Mitsubishi', 'Nissan Altima', 120, 30),
(10, 'Радиатор', 'Nissens', 'Mercedes-Benz E-Class', 200, 25);

INSERT INTO customers (customer_id, first_name, last_name, address, phone_number, email) VALUES
(1, 'Иван', 'Петров', 'ул. Парковая, 1, Город, Страна', '1112223333', 'ivan@example.com'),
(2, 'Марина', 'Сидорова', 'пр-т Лесной, 2, Город, Страна', '4445556666', 'marina@example.com'),
(3, 'Александр', 'Иванов', 'ул. Центральная, 3, Город, Страна', '7778889999', 'alexander@example.com'),
(4, 'Ольга', 'Кузнецова', 'пр. Солнечный, 4, Город, Страна', '2223334444', 'olga@example.com'),
(5, 'Виктор', 'Смирнов', 'ул. Гагарина, 5, Город, Страна', '5556667777', 'victor@example.com'),
(6, 'Татьяна', 'Морозова', 'пер. Луговой, 6, Город, Страна', '8889990000', 'tatiana@example.com'),
(7, 'Игорь', 'Волков', 'ул. Зеленая, 7, Город, Страна', '3334445555', 'igor@example.com'),
(8, 'Елена', 'Козлова', 'пр-т Цветочный, 8, Город, Страна', '6667778888', 'elena@example.com'),
(9, 'Николай', 'Макаров', 'ул. Московская, 9, Город, Страна', '9990001111', 'nikolay@example.com'),
(10,'Анна', 'Лебедева', 'пр-т Ленина, 10, Город, Страна', '1234567890', 'anna@example.com');

INSERT INTO orders (order_id, customer_id, order_date, order_status) VALUES
(1, 1, '2024-03-21', 'В обработке'),
(2, 2, '2024-03-20', 'Выполнен'),
(3, 3, '2024-03-19', 'В обработке'),
(4, 4, '2024-03-18', 'Выполнен'),
(5, 5, '2024-03-17', 'В обработке'),
(6, 6, '2024-03-16', 'Выполнен'),
(7, 7, '2024-03-15', 'В обработке'),
(8, 8, '2024-03-14', 'Выполнен'),
(9, 9, '2024-03-13', 'В обработке'),
(10, 10, '2024-03-12', 'Выполнен');

INSERT INTO order_details (detail_id, order_id, part_id, quantity) VALUES
(1, 1, 1, 2),
(2, 1, 2, 1),
(3, 2, 3, 4),
(4, 2, 4, 2),
(5, 3, 5, 1),
(6, 3, 6, 3),
(7, 4, 7, 2),
(8, 4, 8, 1),
(9, 5, 9, 3),
(10, 5, 10, 2);

INSERT INTO payments (payment_id, order_id, customer_id, amount_paid, payment_date, payment_method) VALUES
(1, 1, 1, 150, '2024-03-21', 'Наличные'),
(2, 2, 2, 130, '2024-03-20', 'Карта'),
(3, 3, 3, 115, '2024-03-19', 'Наличные'),
(4, 4, 4, 220, '2024-03-18', 'Карта'),
(5, 5, 5, 190, '2024-03-17', 'Наличные'),
(6, 6, 6, 250, '2024-03-16', 'Карта'),
(7, 7, 7, 90, '2024-03-15', 'Наличные'),
(8, 8, 8, 180, '2024-03-14', 'Карта'),
(9, 9, 9, 120, '2024-03-13', 'Наличные'),
(10, 10, 10, 200, '2024-03-12', 'Карта');

INSERT INTO employees (employee_id, first_name, last_name, position, salary) VALUES
(1, 'Алексей', 'Иванов', 'Менеджер', 50000),
(2, 'Елена', 'Петрова', 'Ассистент менеджера', 35000),
(3, 'Иван', 'Смирнов', 'Супервайзер склада', 40000),
(4, 'Татьяна', 'Кузнецова', 'Кладовщик', 30000),
(5, 'Андрей', 'Морозов', 'Бухгалтер', 45000),
(6, 'Елена', 'Новикова', 'Водитель', 32000),
(7, 'Михаил', 'Васильев', 'Менеджер по обслуживанию клиентов', 35000),
(8, 'Анастасия', 'Тимофеева', 'Менеджер по продажам', 48000),
(9, 'Сергей', 'Козлов', 'Агент по закупкам', 42000),
(10, 'Марина', 'Павлова', 'Маркетолог', 38000);

INSERT INTO deliveries (delivery_id, supplier_id, part_id, delivery_date, quantity_delivered, delivery_cost) VALUES
(1, 1, 3, '2024-03-21', 50, 1000),
(2, 2, 1, '2024-03-22', 30, 2000),
(3, 3, 5, '2024-03-23', 20, 3000),
(4, 4, 2, '2024-03-24', 40, 4000),
(5, 5, 4, '2024-03-25', 25, 5000),
(6, 6, 3, '2024-03-26', 35, 6000),
(7, 7, 1, '2024-03-27', 45, 7000),
(8, 8, 5, '2024-03-28', 15, 8000),
(9, 9, 2, '2024-03-29', 55, 9000),
(10, 10, 4, '2024-03-30', 10, 10000);

INSERT INTO employee_orders (employee_order_id, employee_id, order_id) VALUES
(1, 1, 1),
(2, 2, 2),
(3, 3, 3),
(4, 4, 4),
(5, 5, 5),
(6, 6, 6),
(7, 7, 7),
(8, 8, 8),
(9, 9, 9),
(10, 10, 10);
